<?xml version="1.0" encoding="UTF-8"?><InteractionHistory Id="local-1" Version="1"><InteractionEvent Delta="null" EndDate="2012-12-12 11:57:15.57 ICT" Interest="11.744" Kind="propagation" Navigation="org.eclipse.mylyn.core.model.edges.containment" OriginId="org.eclipse.mylyn.core.model.interest.propagation" StartDate="2012-12-12 11:32:28.181 ICT" StructureHandle="/MyBang/src/com/vominhtan1988/mybang/model/role" StructureKind="resource" NumEvents="10" CreationCount="510"/><InteractionEvent Delta="null" EndDate="2012-12-17 12:17:35.903 ICT" Interest="1932.0171" Kind="propagation" Navigation="org.eclipse.mylyn.core.model.edges.containment" OriginId="org.eclipse.mylyn.core.model.interest.propagation" StartDate="2012-12-16 19:44:26.719 ICT" StructureHandle="" StructureKind="java" NumEvents="2" CreationCount="0"/><InteractionEvent Delta="null" EndDate="2012-12-12 11:32:48.515 ICT" Interest="1.0" Kind="selection" Navigation="null" OriginId="org.eclipse.jdt.ui.CompilationUnitEditor" StartDate="2012-12-12 11:32:48.515 ICT" StructureHandle="=MyBang/src&amp;lt;com.vominhtan1988.mybang.model{Role.java[Role~Role~QString;~QString;~QSprite;" StructureKind="java"/><InteractionEvent Delta="null" EndDate="2012-12-12 11:32:49.20 ICT" Interest="1.0" Kind="edit" Navigation="null" OriginId="org.eclipse.jdt.ui.CompilationUnitEditor" StartDate="2012-12-12 11:32:49.20 ICT" StructureHandle="=MyBang/src&amp;lt;com.vominhtan1988.mybang.model{Role.java[Role~Role~QString;~QString;~QSprite;" StructureKind="java"/><InteractionEvent Delta="null" EndDate="2012-12-12 11:34:41.44 ICT" Interest="2.0" Kind="selection" Navigation="null" OriginId="org.eclipse.ui.navigator.ProjectExplorer" StartDate="2012-12-12 11:32:23.808 ICT" StructureHandle="=MyBang/src&amp;lt;com.vominhtan1988.mybang.model.cards{Birra.java" StructureKind="java" NumEvents="2" CreationCount="509"/><InteractionEvent Delta="null" EndDate="2012-12-12 11:34:41.44 ICT" Interest="0.44500005" Kind="manipulation" Navigation="null" OriginId="org.eclipse.mylyn.core.model.interest.decay.correction" StartDate="2012-12-12 11:34:41.44 ICT" StructureHandle="=MyBang/src&amp;lt;com.vominhtan1988.mybang.model.cards{Birra.java" StructureKind="java"/><InteractionEvent Delta="null" EndDate="2012-12-12 11:12:41.847 ICT" Interest="12.0" Kind="propagation" Navigation="null" OriginId="org.eclipse.jdt.ui.ClassFileEditor" StartDate="2012-12-12 11:11:55.1 ICT" StructureHandle="/MyBang/libs/gdx.jar" StructureKind="resource" NumEvents="12" CreationCount="6"/><InteractionEvent Delta="null" EndDate="2012-12-12 11:57:15.57 ICT" Interest="3.0" Kind="propagation" Navigation="null" OriginId="org.eclipse.ui.navigator.ProjectExplorer" StartDate="2012-12-12 11:32:30.379 ICT" StructureHandle="/MyBang/src/com/vominhtan1988/mybang/model/role/Sheriff.java" StructureKind="resource" NumEvents="3" CreationCount="511"/><InteractionEvent Delta="null" EndDate="2012-12-12 11:57:15.57 ICT" Interest="8.727" Kind="manipulation" Navigation="null" OriginId="org.eclipse.mylyn.core.model.interest.decay.correction" StartDate="2012-12-12 11:57:15.57 ICT" StructureHandle="/MyBang/src/com/vominhtan1988/mybang/model/role/Sheriff.java" StructureKind="resource"/><InteractionEvent Delta="null" EndDate="2012-12-12 12:08:04.361 ICT" Interest="3.0" Kind="selection" Navigation="null" OriginId="org.eclipse.ui.navigator.ProjectExplorer" StartDate="2012-12-12 11:39:07.348 ICT" StructureHandle="=MyBang/src&amp;lt;com.vominhtan1988.mybang{GameScreen.java[GameScreen" StructureKind="java" NumEvents="3" CreationCount="94"/><InteractionEvent Delta="null" EndDate="2012-12-12 12:02:32.584 ICT" Interest="49.217003" Kind="propagation" Navigation="org.eclipse.mylyn.core.model.edges.containment" OriginId="org.eclipse.mylyn.core.model.interest.propagation" StartDate="2012-12-12 11:16:44.348 ICT" StructureHandle="=MyBang/src&amp;lt;com.vominhtan1988.mybang{GameScreen.java[GameScreen" StructureKind="java" NumEvents="70" CreationCount="94"/><InteractionEvent Delta="null" EndDate="2012-12-12 11:11:48.805 ICT" Interest="1.0" Kind="selection" Navigation="null" OriginId="org.eclipse.jdt.ui.CompilationUnitEditor" StartDate="2012-12-12 11:11:48.805 ICT" StructureHandle="=MyBang/src&amp;lt;com.vominhtan1988.mybang.model.character{BartCassidy.java[BartCassidy" StructureKind="java"/><InteractionEvent Delta="null" EndDate="2012-12-12 11:11:49.473 ICT" Interest="3.0" Kind="edit" Navigation="null" OriginId="org.eclipse.jdt.ui.CompilationUnitEditor" StartDate="2012-12-12 11:11:49.324 ICT" StructureHandle="=MyBang/src&amp;lt;com.vominhtan1988.mybang.model.character{BartCassidy.java[BartCassidy" StructureKind="java" NumEvents="3" CreationCount="2"/><InteractionEvent Delta="null" EndDate="2012-12-12 11:12:41.193 ICT" Interest="7.9" Kind="propagation" Navigation="org.eclipse.mylyn.core.model.edges.containment" OriginId="org.eclipse.mylyn.core.model.interest.propagation" StartDate="2012-12-12 11:11:55.1 ICT" StructureHandle="=MyBang/libs\/gdx.jar" StructureKind="java" NumEvents="11" CreationCount="6"/><InteractionEvent Delta="null" EndDate="2012-12-12 12:02:23.289 ICT" Interest="2.0" Kind="selection" Navigation="null" OriginId="org.eclipse.ui.navigator.ProjectExplorer" StartDate="2012-12-12 11:38:38.476 ICT" StructureHandle="=MyBang/src&amp;lt;com.vominhtan1988.mybang.model{Character.java" StructureKind="java" NumEvents="2" CreationCount="757"/><InteractionEvent Delta="null" EndDate="2012-12-12 12:02:23.289 ICT" Interest="6.293" Kind="manipulation" Navigation="null" OriginId="org.eclipse.mylyn.core.model.interest.decay.correction" StartDate="2012-12-12 12:02:23.289 ICT" StructureHandle="=MyBang/src&amp;lt;com.vominhtan1988.mybang.model{Character.java" StructureKind="java"/><InteractionEvent Delta="null" EndDate="2012-12-12 11:32:51.241 ICT" Interest="2.4" Kind="propagation" Navigation="org.eclipse.mylyn.core.model.edges.containment" OriginId="org.eclipse.mylyn.core.model.interest.propagation" StartDate="2012-12-12 11:32:50.671 ICT" StructureHandle="=MyBang/src&amp;lt;com.vominhtan1988.mybang{Resources.java[Resources" StructureKind="java" NumEvents="3" CreationCount="525"/><InteractionEvent Delta="null" EndDate="2012-12-12 11:58:06.430 ICT" Interest="10.0" Kind="propagation" Navigation="org.eclipse.mylyn.core.model.edges.containment" OriginId="org.eclipse.mylyn.core.model.interest.propagation" StartDate="2012-12-12 11:57:18.961 ICT" StructureHandle="/MyBang/assets" StructureKind="resource" NumEvents="10" CreationCount="1143"/><InteractionEvent Delta="null" EndDate="2012-12-12 11:14:55.798 ICT" Interest="2.0" Kind="selection" Navigation="null" OriginId="org.eclipse.ui.navigator.ProjectExplorer" StartDate="2012-12-12 11:14:11.393 ICT" StructureHandle="=MyBang/src&amp;lt;com.vominhtan1988.mybang.model" StructureKind="java" NumEvents="2" CreationCount="23"/><InteractionEvent Delta="null" EndDate="2012-12-17 12:17:35.901 ICT" Interest="399.689" Kind="propagation" Navigation="org.eclipse.mylyn.core.model.edges.containment" OriginId="org.eclipse.mylyn.core.model.interest.propagation" StartDate="2012-12-12 11:13:09.334 ICT" StructureHandle="=MyBang/src&amp;lt;com.vominhtan1988.mybang.model" StructureKind="java" NumEvents="570" CreationCount="23"/><InteractionEvent Delta="null" EndDate="2012-12-12 12:15:25.21 ICT" Interest="1.0" Kind="selection" Navigation="null" OriginId="org.eclipse.jdt.ui.CompilationUnitEditor" StartDate="2012-12-12 12:15:25.21 ICT" StructureHandle="=MyBang/src&amp;lt;com.vominhtan1988.mybang.model{Deck.java[Deck~touchUp~I~I~I~I" StructureKind="java"/><InteractionEvent Delta="null" EndDate="2012-12-12 11:32:38.519 ICT" Interest="2.0" Kind="propagation" Navigation="null" OriginId="org.eclipse.jdt.ui.CompilationUnitEditor" StartDate="2012-12-12 11:32:38.309 ICT" StructureHandle="/MyBang/src/com/vominhtan1988/mybang/model/role/OutLaw.java" StructureKind="resource" NumEvents="2" CreationCount="515"/><InteractionEvent Delta="null" EndDate="2012-12-12 11:16:40.378 ICT" Interest="1.0" Kind="selection" Navigation="null" OriginId="org.eclipse.ui.navigator.ProjectExplorer" StartDate="2012-12-12 11:16:40.378 ICT" StructureHandle="=MyBang/src&amp;lt;com.vominhtan1988.mybang" StructureKind="java"/><InteractionEvent Delta="null" EndDate="2012-12-12 12:08:04.361 ICT" Interest="51.268" Kind="propagation" Navigation="org.eclipse.mylyn.core.model.edges.containment" OriginId="org.eclipse.mylyn.core.model.interest.propagation" StartDate="2012-12-12 11:16:42.125 ICT" StructureHandle="=MyBang/src&amp;lt;com.vominhtan1988.mybang" StructureKind="java" NumEvents="84" CreationCount="91"/><InteractionEvent Delta="null" EndDate="2012-12-17 12:17:35.901 ICT" Interest="758.0" Kind="propagation" Navigation="null" OriginId="org.eclipse.jdt.ui.CompilationUnitEditor" StartDate="2012-12-12 11:14:58.144 ICT" StructureHandle="/MyBang/src/com/vominhtan1988/mybang/model/GameInstance.java" StructureKind="resource" NumEvents="758" CreationCount="38"/><InteractionEvent Delta="null" EndDate="2012-12-17 12:17:35.902 ICT" Interest="1751.0" Kind="propagation" Navigation="null" OriginId="org.eclipse.jdt.ui.CompilationUnitEditor" StartDate="2012-12-12 11:11:48.470 ICT" StructureHandle="/MyBang/src/com/vominhtan1988/mybang/model" StructureKind="resource" NumEvents="1751" CreationCount="1"/><InteractionEvent Delta="null" EndDate="2012-12-12 11:58:06.430 ICT" Interest="10.0" Kind="propagation" Navigation="null" OriginId="org.eclipse.ui.navigator.ProjectExplorer" StartDate="2012-12-12 11:57:18.961 ICT" StructureHandle="/MyBang/assets/data/spritepack" StructureKind="resource" NumEvents="10" CreationCount="1143"/><InteractionEvent Delta="null" EndDate="2012-12-12 12:21:12.398 ICT" Interest="1.0" Kind="propagation" Navigation="null" OriginId="org.eclipse.ui.navigator.ProjectExplorer" StartDate="2012-12-12 12:21:12.398 ICT" StructureHandle="/MyBang/src/com/vominhtan1988/mybang/model/cards/Indiani.java" StructureKind="resource"/><InteractionEvent Delta="null" EndDate="2012-12-12 13:23:02.467 ICT" Interest="31.4" Kind="propagation" Navigation="org.eclipse.mylyn.core.model.edges.containment" OriginId="org.eclipse.mylyn.core.model.interest.propagation" StartDate="2012-12-12 11:34:43.835 ICT" StructureHandle="=MyBang/src&amp;lt;com.vominhtan1988.mybang.model{CharacterFactory.java[CharacterFactory" StructureKind="java" NumEvents="44" CreationCount="598"/><InteractionEvent Delta="null" EndDate="2012-12-12 11:12:41.847 ICT" Interest="1.0" Kind="selection" Navigation="null" OriginId="org.eclipse.jdt.ui.ClassFileEditor" StartDate="2012-12-12 11:12:41.847 ICT" StructureHandle="=MyBang/libs\/gdx.jar&amp;lt;com.badlogic.gdx.graphics.g2d(Sprite.class[Sprite~Sprite~Lcom.badlogic.gdx.graphics.g2d.TextureRegion;~I~I~I~I" StructureKind="java"/><InteractionEvent Delta="null" EndDate="2012-12-12 12:02:23.289 ICT" Interest="2.0" Kind="propagation" Navigation="null" OriginId="org.eclipse.ui.navigator.ProjectExplorer" StartDate="2012-12-12 11:38:38.476 ICT" StructureHandle="/MyBang/src/com/vominhtan1988/mybang/model/Character.java" StructureKind="resource" NumEvents="2" CreationCount="757"/><InteractionEvent Delta="null" EndDate="2012-12-12 12:02:23.289 ICT" Interest="6.3100004" Kind="manipulation" Navigation="null" OriginId="org.eclipse.mylyn.core.model.interest.decay.correction" StartDate="2012-12-12 12:02:23.289 ICT" StructureHandle="/MyBang/src/com/vominhtan1988/mybang/model/Character.java" StructureKind="resource"/><InteractionEvent Delta="null" EndDate="2012-12-17 12:17:35.902 ICT" Interest="1932.0" Kind="propagation" Navigation="org.eclipse.mylyn.core.model.edges.containment" OriginId="org.eclipse.mylyn.core.model.interest.propagation" StartDate="2012-12-12 11:11:48.470 ICT" StructureHandle="/" StructureKind="resource" NumEvents="1933" CreationCount="1"/><InteractionEvent Delta="null" EndDate="2012-12-12 12:08:04.361 ICT" Interest="118.0" Kind="propagation" Navigation="null" OriginId="org.eclipse.ui.navigator.ProjectExplorer" StartDate="2012-12-12 11:16:42.125 ICT" StructureHandle="/MyBang/src/com/vominhtan1988/mybang/GameScreen.java" StructureKind="resource" NumEvents="118" CreationCount="92"/><InteractionEvent Delta="null" EndDate="2012-12-12 12:21:12.398 ICT" Interest="1.0" Kind="selection" Navigation="null" OriginId="org.eclipse.ui.navigator.ProjectExplorer" StartDate="2012-12-12 12:21:12.398 ICT" StructureHandle="=MyBang/src&amp;lt;com.vominhtan1988.mybang.model.cards{Indiani.java" StructureKind="java"/><InteractionEvent Delta="null" EndDate="2012-12-12 11:15:19.682 ICT" Interest="2.0" Kind="selection" Navigation="null" OriginId="org.eclipse.jdt.ui.CompilationUnitEditor" StartDate="2012-12-12 11:15:05.373 ICT" StructureHandle="=MyBang/src&amp;lt;com.vominhtan1988.mybang.model{GameInstance.java[GameInstance" StructureKind="java" NumEvents="2" CreationCount="40"/><InteractionEvent Delta="null" EndDate="2012-12-17 12:17:35.900 ICT" Interest="399.4" Kind="propagation" Navigation="org.eclipse.mylyn.core.model.edges.containment" OriginId="org.eclipse.mylyn.core.model.interest.propagation" StartDate="2012-12-12 11:15:00.129 ICT" StructureHandle="=MyBang/src&amp;lt;com.vominhtan1988.mybang.model{GameInstance.java[GameInstance" StructureKind="java" NumEvents="566" CreationCount="40"/><InteractionEvent Delta="null" EndDate="2012-12-12 11:32:49.20 ICT" Interest="7.0" Kind="propagation" Navigation="null" OriginId="org.eclipse.jdt.ui.CompilationUnitEditor" StartDate="2012-12-12 11:13:44.445 ICT" StructureHandle="/MyBang/src/com/vominhtan1988/mybang/model/Role.java" StructureKind="resource" NumEvents="7" CreationCount="30"/><InteractionEvent Delta="null" EndDate="2012-12-12 11:30:56.108 ICT" Interest="6.7860003" Kind="manipulation" Navigation="null" OriginId="org.eclipse.mylyn.core.model.interest.decay.correction" StartDate="2012-12-12 11:30:56.108 ICT" StructureHandle="/MyBang/src/com/vominhtan1988/mybang/model/Role.java" StructureKind="resource"/><InteractionEvent Delta="null" EndDate="2012-12-12 13:22:39.620 ICT" Interest="31.133001" Kind="propagation" Navigation="null" OriginId="org.eclipse.jdt.ui.CompilationUnitEditor" StartDate="2012-12-12 11:32:23.808 ICT" StructureHandle="/MyBang/src/com/vominhtan1988/mybang/model/cards" StructureKind="resource" NumEvents="19" CreationCount="509"/><InteractionEvent Delta="null" EndDate="2012-12-12 11:16:31.351 ICT" Interest="1.0" Kind="selection" Navigation="null" OriginId="org.eclipse.ui.navigator.ProjectExplorer" StartDate="2012-12-12 11:16:31.351 ICT" StructureHandle="=MyBang/src&amp;lt;com.vominhtan1988.mybang.background" StructureKind="java"/><InteractionEvent Delta="null" EndDate="2012-12-12 11:40:33.371 ICT" Interest="2.0" Kind="selection" Navigation="null" OriginId="org.eclipse.jdt.ui.CompilationUnitEditor" StartDate="2012-12-12 11:39:51.335 ICT" StructureHandle="=MyBang/src&amp;lt;com.vominhtan1988.mybang.model{Deck.java[Deck^location" StructureKind="java" NumEvents="2" CreationCount="799"/><InteractionEvent Delta="null" EndDate="2012-12-12 11:41:52.675 ICT" Interest="101.0" Kind="edit" Navigation="null" OriginId="org.eclipse.jdt.ui.CompilationUnitEditor" StartDate="2012-12-12 11:39:51.868 ICT" StructureHandle="=MyBang/src&amp;lt;com.vominhtan1988.mybang.model{Deck.java[Deck^location" StructureKind="java" NumEvents="101" CreationCount="799"/><InteractionEvent Delta="null" EndDate="2012-12-12 13:22:38.928 ICT" Interest="1.0" Kind="selection" Navigation="null" OriginId="org.eclipse.jdt.ui.CompilationUnitEditor" StartDate="2012-12-12 13:22:38.928 ICT" StructureHandle="=MyBang/src&amp;lt;com.vominhtan1988.mybang.model.cards{CardPhysics.java" StructureKind="java"/><InteractionEvent Delta="null" EndDate="2012-12-12 13:22:39.620 ICT" Interest="2.4169998" Kind="propagation" Navigation="org.eclipse.mylyn.core.model.edges.containment" OriginId="org.eclipse.mylyn.core.model.interest.propagation" StartDate="2012-12-12 13:22:39.60 ICT" StructureHandle="=MyBang/src&amp;lt;com.vominhtan1988.mybang.model.cards{CardPhysics.java" StructureKind="java" NumEvents="4" CreationCount="1880"/><InteractionEvent Delta="null" EndDate="2012-12-12 13:10:48.811 ICT" Interest="1.0" Kind="selection" Navigation="null" OriginId="org.eclipse.jdt.ui.CompilationUnitEditor" StartDate="2012-12-12 13:10:48.811 ICT" StructureHandle="=MyBang/src&amp;lt;com.vominhtan1988.mybang.model{Player.java[Player~updateEquipCardsPosition" StructureKind="java"/><InteractionEvent Delta="null" EndDate="2012-12-12 13:10:49.348 ICT" Interest="1.0" Kind="edit" Navigation="null" OriginId="org.eclipse.jdt.ui.CompilationUnitEditor" StartDate="2012-12-12 13:10:49.348 ICT" StructureHandle="=MyBang/src&amp;lt;com.vominhtan1988.mybang.model{Player.java[Player~updateEquipCardsPosition" StructureKind="java"/><InteractionEvent Delta="null" EndDate="2012-12-12 13:27:46.86 ICT" Interest="25.0" Kind="selection" Navigation="null" OriginId="org.eclipse.jdt.ui.CompilationUnitEditor" StartDate="2012-12-12 11:14:58.144 ICT" StructureHandle="=MyBang/src&amp;lt;com.vominhtan1988.mybang.model{GameInstance.java" StructureKind="java" NumEvents="25" CreationCount="38"/><InteractionEvent Delta="null" EndDate="2012-12-17 12:17:35.901 ICT" Interest="376.434" Kind="propagation" Navigation="org.eclipse.mylyn.core.model.edges.containment" OriginId="org.eclipse.mylyn.core.model.interest.propagation" StartDate="2012-12-12 11:15:04.61 ICT" StructureHandle="=MyBang/src&amp;lt;com.vominhtan1988.mybang.model{GameInstance.java" StructureKind="java" NumEvents="541" CreationCount="38"/><InteractionEvent Delta="null" EndDate="2012-12-12 11:32:46.97 ICT" Interest="5.0" Kind="selection" Navigation="null" OriginId="org.eclipse.jdt.ui.CompilationUnitEditor" StartDate="2012-12-12 11:13:44.445 ICT" StructureHandle="=MyBang/src&amp;lt;com.vominhtan1988.mybang.model{Role.java" StructureKind="java" NumEvents="5" CreationCount="30"/><InteractionEvent Delta="null" EndDate="2012-12-12 11:30:56.108 ICT" Interest="6.7690005" Kind="manipulation" Navigation="null" OriginId="org.eclipse.mylyn.core.model.interest.decay.correction" StartDate="2012-12-12 11:30:56.108 ICT" StructureHandle="=MyBang/src&amp;lt;com.vominhtan1988.mybang.model{Role.java" StructureKind="java"/><InteractionEvent Delta="null" EndDate="2012-12-12 12:18:32.503 ICT" Interest="7.0" Kind="propagation" Navigation="null" OriginId="org.eclipse.jdt.ui.CompilationUnitEditor" StartDate="2012-12-12 11:13:04.77 ICT" StructureHandle="/MyBang/src/com/vominhtan1988/mybang/model/character/WillyTheKid.java" StructureKind="resource" NumEvents="7" CreationCount="21"/><InteractionEvent Delta="null" EndDate="2012-12-12 12:18:32.503 ICT" Interest="18.089" Kind="manipulation" Navigation="null" OriginId="org.eclipse.mylyn.core.model.interest.decay.correction" StartDate="2012-12-12 11:29:38.78 ICT" StructureHandle="/MyBang/src/com/vominhtan1988/mybang/model/character/WillyTheKid.java" StructureKind="resource" NumEvents="3" CreationCount="21"/><InteractionEvent Delta="null" EndDate="2012-12-12 12:08:11.646 ICT" Interest="1.0" Kind="selection" Navigation="null" OriginId="org.eclipse.jdt.ui.CompilationUnitEditor" StartDate="2012-12-12 12:08:11.646 ICT" StructureHandle="=MyBang/src&amp;lt;com.vominhtan1988.mybang.model{Player.java[Player^equipmentCards" StructureKind="java"/><InteractionEvent Delta="null" EndDate="2012-12-12 11:32:40.362 ICT" Interest="2.0" Kind="propagation" Navigation="null" OriginId="org.eclipse.jdt.ui.CompilationUnitEditor" StartDate="2012-12-12 11:32:39.978 ICT" StructureHandle="/MyBang/src/com/vominhtan1988/mybang/model/role/Deputy.java" StructureKind="resource" NumEvents="2" CreationCount="517"/><InteractionEvent Delta="null" EndDate="2012-12-12 11:12:09.35 ICT" Interest="1.0" Kind="selection" Navigation="null" OriginId="org.eclipse.ui.navigator.ProjectExplorer" StartDate="2012-12-12 11:12:09.35 ICT" StructureHandle="=MyBang/libs\/gdx.jar&amp;lt;com.badlogic.gdx.graphics.g2d(Sprite.class" StructureKind="java"/><InteractionEvent Delta="null" EndDate="2012-12-12 11:12:41.193 ICT" Interest="6.9" Kind="propagation" Navigation="org.eclipse.mylyn.core.model.edges.containment" OriginId="org.eclipse.mylyn.core.model.interest.propagation" StartDate="2012-12-12 11:11:55.1 ICT" StructureHandle="=MyBang/libs\/gdx.jar&amp;lt;com.badlogic.gdx.graphics.g2d(Sprite.class" StructureKind="java" NumEvents="10" CreationCount="6"/><InteractionEvent Delta="null" EndDate="2012-12-17 12:17:35.902 ICT" Interest="402.063" Kind="propagation" Navigation="org.eclipse.mylyn.core.model.edges.containment" OriginId="org.eclipse.mylyn.core.model.interest.propagation" StartDate="2012-12-12 11:11:48.471 ICT" StructureHandle="=MyBang/src" StructureKind="java" NumEvents="617" CreationCount="1"/><InteractionEvent Delta="null" EndDate="2012-12-12 11:40:17.983 ICT" Interest="17.0" Kind="propagation" Navigation="null" OriginId="org.eclipse.jdt.ui.CompilationUnitEditor" StartDate="2012-12-12 11:38:41.574 ICT" StructureHandle="/MyBang/src/com/vominhtan1988/mybang/MyCamera.java" StructureKind="resource" NumEvents="17" CreationCount="758"/><InteractionEvent Delta="null" EndDate="2012-12-12 12:09:03.52 ICT" Interest="1.0" Kind="selection" Navigation="null" OriginId="org.eclipse.jdt.ui.CompilationUnitEditor" StartDate="2012-12-12 12:09:03.52 ICT" StructureHandle="=MyBang/src&amp;lt;com.vominhtan1988.mybang.model{Player.java[Player^is" StructureKind="java"/><InteractionEvent Delta="null" EndDate="2012-12-12 11:16:31.351 ICT" Interest="1.0" Kind="propagation" Navigation="null" OriginId="org.eclipse.ui.navigator.ProjectExplorer" StartDate="2012-12-12 11:16:31.351 ICT" StructureHandle="/MyBang/src/com/vominhtan1988/mybang/background" StructureKind="resource"/><InteractionEvent Delta="null" EndDate="2012-12-12 11:12:41.847 ICT" Interest="12.0" Kind="propagation" Navigation="org.eclipse.mylyn.core.model.edges.containment" OriginId="org.eclipse.mylyn.core.model.interest.propagation" StartDate="2012-12-12 11:11:55.1 ICT" StructureHandle="/MyBang/libs" StructureKind="resource" NumEvents="12" CreationCount="6"/><InteractionEvent Delta="null" EndDate="2012-12-12 13:22:39.620 ICT" Interest="3.4" Kind="propagation" Navigation="org.eclipse.mylyn.core.model.edges.containment" OriginId="org.eclipse.mylyn.core.model.interest.propagation" StartDate="2012-12-12 13:22:39.60 ICT" StructureHandle="=MyBang/src&amp;lt;com.vominhtan1988.mybang.model.cards{CardPhysics.java[CardPhysics" StructureKind="java" NumEvents="4" CreationCount="1881"/><InteractionEvent Delta="null" EndDate="2012-12-12 11:39:08.700 ICT" Interest="2.0" Kind="selection" Navigation="null" OriginId="org.eclipse.jdt.ui.CompilationUnitEditor" StartDate="2012-12-12 11:39:06.854 ICT" StructureHandle="=MyBang/src&amp;lt;com.vominhtan1988.mybang{GameScreen.java[GameScreen^width" StructureKind="java" NumEvents="2" CreationCount="777"/><InteractionEvent Delta="null" EndDate="2012-12-12 11:39:12.568 ICT" Interest="6.0" Kind="edit" Navigation="null" OriginId="org.eclipse.jdt.ui.CompilationUnitEditor" StartDate="2012-12-12 11:39:09.279 ICT" StructureHandle="=MyBang/src&amp;lt;com.vominhtan1988.mybang{GameScreen.java[GameScreen^width" StructureKind="java" NumEvents="6" CreationCount="777"/><InteractionEvent Delta="null" EndDate="2012-12-12 11:32:44.363 ICT" Interest="1.0" Kind="propagation" Navigation="null" OriginId="org.eclipse.ui.navigator.ProjectExplorer" StartDate="2012-12-12 11:32:44.363 ICT" StructureHandle="/MyBang/src/com/vominhtan1988/mybang/model/cards/Schofield.java" StructureKind="resource"/><InteractionEvent Delta="null" EndDate="2012-12-12 12:02:25.535 ICT" Interest="3.0" Kind="selection" Navigation="null" OriginId="org.eclipse.jdt.ui.CompilationUnitEditor" StartDate="2012-12-12 11:39:13.927 ICT" StructureHandle="=MyBang/src&amp;lt;com.vominhtan1988.mybang{GameScreen.java[GameScreen^height" StructureKind="java" NumEvents="3" CreationCount="786"/><InteractionEvent Delta="null" EndDate="2012-12-12 12:02:25.538 ICT" Interest="8.0" Kind="edit" Navigation="null" OriginId="org.eclipse.jdt.ui.CompilationUnitEditor" StartDate="2012-12-12 11:39:14.92 ICT" StructureHandle="=MyBang/src&amp;lt;com.vominhtan1988.mybang{GameScreen.java[GameScreen^height" StructureKind="java" NumEvents="8" CreationCount="786"/><InteractionEvent Delta="null" EndDate="2012-12-12 11:40:30.841 ICT" Interest="2.0" Kind="selection" Navigation="null" OriginId="org.eclipse.jdt.ui.CompilationUnitEditor" StartDate="2012-12-12 11:40:15.367 ICT" StructureHandle="=MyBang/src&amp;lt;com.vominhtan1988.mybang.model{Deck.java[Deck^endCard" StructureKind="java" NumEvents="2" CreationCount="813"/><InteractionEvent Delta="null" EndDate="2012-12-12 11:40:30.846 ICT" Interest="1.0" Kind="edit" Navigation="null" OriginId="org.eclipse.jdt.ui.CompilationUnitEditor" StartDate="2012-12-12 11:40:30.846 ICT" StructureHandle="=MyBang/src&amp;lt;com.vominhtan1988.mybang.model{Deck.java[Deck^endCard" StructureKind="java"/><InteractionEvent Delta="null" EndDate="2012-12-12 12:08:33.379 ICT" Interest="1.0" Kind="selection" Navigation="null" OriginId="org.eclipse.jdt.ui.CompilationUnitEditor" StartDate="2012-12-12 12:08:33.379 ICT" StructureHandle="=MyBang/src&amp;lt;com.vominhtan1988.mybang.model{Player.java[Player^FRAME_COLS" StructureKind="java"/><InteractionEvent Delta="null" EndDate="2012-12-12 11:32:28.181 ICT" Interest="1.0" Kind="selection" Navigation="null" OriginId="org.eclipse.ui.navigator.ProjectExplorer" StartDate="2012-12-12 11:32:28.181 ICT" StructureHandle="=MyBang/src&amp;lt;com.vominhtan1988.mybang.model.role" StructureKind="java"/><InteractionEvent Delta="null" EndDate="2012-12-12 11:57:15.57 ICT" Interest="10.727001" Kind="propagation" Navigation="org.eclipse.mylyn.core.model.edges.containment" OriginId="org.eclipse.mylyn.core.model.interest.propagation" StartDate="2012-12-12 11:32:30.379 ICT" StructureHandle="=MyBang/src&amp;lt;com.vominhtan1988.mybang.model.role" StructureKind="java" NumEvents="6" CreationCount="510"/><InteractionEvent Delta="null" EndDate="2012-12-12 11:32:35.988 ICT" Interest="2.0" Kind="propagation" Navigation="null" OriginId="org.eclipse.jdt.ui.CompilationUnitEditor" StartDate="2012-12-12 11:32:35.742 ICT" StructureHandle="/MyBang/src/com/vominhtan1988/mybang/model/role/Renegade.java" StructureKind="resource" NumEvents="2" CreationCount="513"/><InteractionEvent Delta="null" EndDate="2012-12-12 11:58:06.298 ICT" Interest="5.0" Kind="selection" Navigation="null" OriginId="org.eclipse.ui.navigator.ProjectExplorer" StartDate="2012-12-12 11:57:21.167 ICT" StructureHandle="/MyBang/assets/data/spritepack/packhigh.pack" StructureKind="resource" NumEvents="5" CreationCount="1144"/><InteractionEvent Delta="null" EndDate="2012-12-12 11:57:40.337 ICT" Interest="2.0" Kind="edit" Navigation="null" OriginId="org.eclipse.ui.DefaultTextEditor" StartDate="2012-12-12 11:57:21.535 ICT" StructureHandle="/MyBang/assets/data/spritepack/packhigh.pack" StructureKind="resource" NumEvents="2" CreationCount="1144"/><InteractionEvent Delta="null" EndDate="2012-12-12 11:32:40.362 ICT" Interest="2.0" Kind="selection" Navigation="null" OriginId="org.eclipse.jdt.ui.CompilationUnitEditor" StartDate="2012-12-12 11:32:39.978 ICT" StructureHandle="=MyBang/src&amp;lt;com.vominhtan1988.mybang.model.role{Deputy.java" StructureKind="java" NumEvents="2" CreationCount="517"/><InteractionEvent Delta="null" EndDate="2012-12-12 13:27:35.105 ICT" Interest="574.0" Kind="propagation" Navigation="null" OriginId="org.eclipse.jdt.ui.CompilationUnitEditor" StartDate="2012-12-12 11:13:09.334 ICT" StructureHandle="/MyBang/src/com/vominhtan1988/mybang/model/Player.java" StructureKind="resource" NumEvents="574" CreationCount="23"/><InteractionEvent Delta="null" EndDate="2012-12-12 12:08:10.114 ICT" Interest="8.162001" Kind="manipulation" Navigation="null" OriginId="org.eclipse.mylyn.core.model.interest.decay.correction" StartDate="2012-12-12 12:08:10.114 ICT" StructureHandle="/MyBang/src/com/vominhtan1988/mybang/model/Player.java" StructureKind="resource"/><InteractionEvent Delta="null" EndDate="2012-12-12 11:12:41.192 ICT" Interest="7.9" Kind="propagation" Navigation="org.eclipse.mylyn.core.model.edges.containment" OriginId="org.eclipse.mylyn.core.model.interest.propagation" StartDate="2012-12-12 11:11:55.0 ICT" StructureHandle="=MyBang/libs\/gdx.jar&amp;lt;com.badlogic.gdx.graphics.g2d(Sprite.class[Sprite" StructureKind="java" NumEvents="10" CreationCount="6"/><InteractionEvent Delta="null" EndDate="2012-12-12 11:40:17.978 ICT" Interest="3.0" Kind="selection" Navigation="null" OriginId="org.eclipse.jdt.ui.CompilationUnitEditor" StartDate="2012-12-12 11:38:43.842 ICT" StructureHandle="=MyBang/src&amp;lt;com.vominhtan1988.mybang{MyCamera.java[MyCamera~updateCamera~I~I" StructureKind="java" NumEvents="3" CreationCount="760"/><InteractionEvent Delta="null" EndDate="2012-12-12 11:40:17.982 ICT" Interest="9.0" Kind="edit" Navigation="null" OriginId="org.eclipse.jdt.ui.CompilationUnitEditor" StartDate="2012-12-12 11:38:52.753 ICT" StructureHandle="=MyBang/src&amp;lt;com.vominhtan1988.mybang{MyCamera.java[MyCamera~updateCamera~I~I" StructureKind="java" NumEvents="9" CreationCount="760"/><InteractionEvent Delta="null" EndDate="2012-12-12 11:13:31.642 ICT" Interest="1.0" Kind="selection" Navigation="null" OriginId="org.eclipse.ui.navigator.ProjectExplorer" StartDate="2012-12-12 11:13:31.642 ICT" StructureHandle="=MyBang/src&amp;lt;com.vominhtan1988.mybang.model{PointCard.java" StructureKind="java"/><InteractionEvent Delta="null" EndDate="2012-12-12 11:32:35.988 ICT" Interest="2.0" Kind="selection" Navigation="null" OriginId="org.eclipse.jdt.ui.CompilationUnitEditor" StartDate="2012-12-12 11:32:35.742 ICT" StructureHandle="=MyBang/src&amp;lt;com.vominhtan1988.mybang.model.role{Renegade.java" StructureKind="java" NumEvents="2" CreationCount="513"/><InteractionEvent Delta="null" EndDate="2012-12-12 11:40:17.983 ICT" Interest="9.299999" Kind="propagation" Navigation="org.eclipse.mylyn.core.model.edges.containment" OriginId="org.eclipse.mylyn.core.model.interest.propagation" StartDate="2012-12-12 11:38:43.843 ICT" StructureHandle="=MyBang/src&amp;lt;com.vominhtan1988.mybang{MyCamera.java[MyCamera" StructureKind="java" NumEvents="12" CreationCount="760"/><InteractionEvent Delta="null" EndDate="2012-12-17 12:17:35.902 ICT" Interest="1751.0" Kind="propagation" Navigation="org.eclipse.mylyn.core.model.edges.containment" OriginId="org.eclipse.mylyn.core.model.interest.propagation" StartDate="2012-12-12 11:11:48.470 ICT" StructureHandle="/MyBang/src/com/vominhtan1988/mybang" StructureKind="resource" NumEvents="1751" CreationCount="1"/><InteractionEvent Delta="null" EndDate="2012-12-12 11:32:50.671 ICT" Interest="1.0" Kind="selection" Navigation="null" OriginId="org.eclipse.jdt.ui.CompilationUnitEditor" StartDate="2012-12-12 11:32:50.671 ICT" StructureHandle="=MyBang/src&amp;lt;com.vominhtan1988.mybang{Resources.java[Resources^rolecardBack" StructureKind="java"/><InteractionEvent Delta="null" EndDate="2012-12-12 11:32:51.241 ICT" Interest="2.0" Kind="edit" Navigation="null" OriginId="org.eclipse.jdt.ui.CompilationUnitEditor" StartDate="2012-12-12 11:32:50.731 ICT" StructureHandle="=MyBang/src&amp;lt;com.vominhtan1988.mybang{Resources.java[Resources^rolecardBack" StructureKind="java" NumEvents="2" CreationCount="525"/><InteractionEvent Delta="null" EndDate="2012-12-12 12:07:54.296 ICT" Interest="2.0" Kind="selection" Navigation="null" OriginId="org.eclipse.jdt.ui.CompilationUnitEditor" StartDate="2012-12-12 12:07:22.412 ICT" StructureHandle="=MyBang/src&amp;lt;com.vominhtan1988.mybang{GameScreen.java[GameScreen^time" StructureKind="java" NumEvents="2" CreationCount="1202"/><InteractionEvent Delta="null" EndDate="2012-12-12 11:13:46.604 ICT" Interest="1.0" Kind="selection" Navigation="null" OriginId="org.eclipse.jdt.ui.CompilationUnitEditor" StartDate="2012-12-12 11:13:46.604 ICT" StructureHandle="=MyBang/src&amp;lt;com.vominhtan1988.mybang.model{Player.java[Player^currentPhrase" StructureKind="java"/><InteractionEvent Delta="null" EndDate="2012-12-12 11:30:55.275 ICT" Interest="8.0" Kind="propagation" Navigation="null" OriginId="org.eclipse.jdt.ui.CompilationUnitEditor" StartDate="2012-12-12 11:11:48.470 ICT" StructureHandle="/MyBang/src/com/vominhtan1988/mybang/model/character/BartCassidy.java" StructureKind="resource" NumEvents="8" CreationCount="1"/><InteractionEvent Delta="null" EndDate="2012-12-12 11:30:55.65 ICT" Interest="2.2450008" Kind="manipulation" Navigation="null" OriginId="org.eclipse.mylyn.core.model.interest.decay.correction" StartDate="2012-12-12 11:30:55.65 ICT" StructureHandle="/MyBang/src/com/vominhtan1988/mybang/model/character/BartCassidy.java" StructureKind="resource"/><InteractionEvent Delta="null" EndDate="2012-12-12 12:19:51.56 ICT" Interest="10.0" Kind="propagation" Navigation="null" OriginId="org.eclipse.jdt.ui.CompilationUnitEditor" StartDate="2012-12-12 12:08:07.13 ICT" StructureHandle="/MyBang/src/com/vominhtan1988/mybang/model/cards/Bang.java" StructureKind="resource" NumEvents="10" CreationCount="1208"/><InteractionEvent Delta="null" EndDate="2012-12-12 12:19:09.671 ICT" Interest="3.25" Kind="manipulation" Navigation="null" OriginId="org.eclipse.mylyn.core.model.interest.decay.correction" StartDate="2012-12-12 12:19:09.671 ICT" StructureHandle="/MyBang/src/com/vominhtan1988/mybang/model/cards/Bang.java" StructureKind="resource"/><InteractionEvent Delta="null" EndDate="2012-12-12 12:02:25.496 ICT" Interest="12.0" Kind="selection" Navigation="null" OriginId="org.eclipse.jdt.ui.CompilationUnitEditor" StartDate="2012-12-12 11:16:42.124 ICT" StructureHandle="=MyBang/src&amp;lt;com.vominhtan1988.mybang{GameScreen.java" StructureKind="java" NumEvents="12" CreationCount="92"/><InteractionEvent Delta="null" EndDate="2012-12-12 12:08:04.361 ICT" Interest="40.251003" Kind="propagation" Navigation="org.eclipse.mylyn.core.model.edges.containment" OriginId="org.eclipse.mylyn.core.model.interest.propagation" StartDate="2012-12-12 11:16:50.810 ICT" StructureHandle="=MyBang/src&amp;lt;com.vominhtan1988.mybang{GameScreen.java" StructureKind="java" NumEvents="61" CreationCount="92"/><InteractionEvent Delta="null" EndDate="2012-12-12 13:23:02.467 ICT" Interest="49.0" Kind="propagation" Navigation="null" OriginId="org.eclipse.jdt.ui.CompilationUnitEditor" StartDate="2012-12-12 11:32:14.696 ICT" StructureHandle="/MyBang/src/com/vominhtan1988/mybang/model/CharacterFactory.java" StructureKind="resource" NumEvents="49" CreationCount="505"/><InteractionEvent Delta="null" EndDate="2012-12-12 11:13:04.439 ICT" Interest="1.0" Kind="propagation" Navigation="null" OriginId="org.eclipse.ui.navigator.ProjectExplorer" StartDate="2012-12-12 11:13:04.439 ICT" StructureHandle="/MyBang/src/com/vominhtan1988/mybang/model/character/BlackJack.java" StructureKind="resource"/><InteractionEvent Delta="null" EndDate="2012-12-12 12:20:09.898 ICT" Interest="18.0" Kind="selection" Navigation="null" OriginId="org.eclipse.jdt.ui.CompilationUnitEditor" StartDate="2012-12-12 11:19:17.939 ICT" StructureHandle="=MyBang/src&amp;lt;com.vominhtan1988.mybang.model{Deck.java" StructureKind="java" NumEvents="18" CreationCount="187"/><InteractionEvent Delta="null" EndDate="2012-12-12 12:18:30.411 ICT" Interest="95.25101" Kind="propagation" Navigation="org.eclipse.mylyn.core.model.edges.containment" OriginId="org.eclipse.mylyn.core.model.interest.propagation" StartDate="2012-12-12 11:19:35.638 ICT" StructureHandle="=MyBang/src&amp;lt;com.vominhtan1988.mybang.model{Deck.java" StructureKind="java" NumEvents="138" CreationCount="187"/><InteractionEvent Delta="null" EndDate="2012-12-12 11:20:36.32 ICT" Interest="1.0" Kind="selection" Navigation="null" OriginId="org.eclipse.jdt.ui.CompilationUnitEditor" StartDate="2012-12-12 11:20:36.32 ICT" StructureHandle="=MyBang/src&amp;lt;com.vominhtan1988.mybang.model{GameInstance.java[GameInstance^game" StructureKind="java"/><InteractionEvent Delta="null" EndDate="2012-12-12 11:20:36.615 ICT" Interest="1.0" Kind="edit" Navigation="null" OriginId="org.eclipse.jdt.ui.CompilationUnitEditor" StartDate="2012-12-12 11:20:36.615 ICT" StructureHandle="=MyBang/src&amp;lt;com.vominhtan1988.mybang.model{GameInstance.java[GameInstance^game" StructureKind="java"/><InteractionEvent Delta="null" EndDate="2012-12-12 11:57:15.57 ICT" Interest="3.0" Kind="selection" Navigation="null" OriginId="org.eclipse.ui.navigator.ProjectExplorer" StartDate="2012-12-12 11:32:30.378 ICT" StructureHandle="=MyBang/src&amp;lt;com.vominhtan1988.mybang.model.role{Sheriff.java" StructureKind="java" NumEvents="3" CreationCount="511"/><InteractionEvent Delta="null" EndDate="2012-12-12 11:57:15.57 ICT" Interest="8.710001" Kind="manipulation" Navigation="null" OriginId="org.eclipse.mylyn.core.model.interest.decay.correction" StartDate="2012-12-12 11:57:15.57 ICT" StructureHandle="=MyBang/src&amp;lt;com.vominhtan1988.mybang.model.role{Sheriff.java" StructureKind="java"/><InteractionEvent Delta="null" EndDate="2012-12-12 12:18:30.67 ICT" Interest="1.0" Kind="selection" Navigation="null" OriginId="org.eclipse.jdt.ui.CompilationUnitEditor" StartDate="2012-12-12 12:18:30.67 ICT" StructureHandle="=MyBang/src&amp;lt;com.vominhtan1988.mybang.model{Deck.java[Deck~keyDown~I" StructureKind="java"/><InteractionEvent Delta="null" EndDate="2012-12-12 12:18:35.968 ICT" Interest="6.0" Kind="edit" Navigation="null" OriginId="org.eclipse.jdt.ui.CompilationUnitEditor" StartDate="2012-12-12 12:18:30.410 ICT" StructureHandle="=MyBang/src&amp;lt;com.vominhtan1988.mybang.model{Deck.java[Deck~keyDown~I" StructureKind="java" NumEvents="6" CreationCount="1434"/><InteractionEvent Delta="null" EndDate="2012-12-12 11:58:06.298 ICT" Interest="6.417" Kind="propagation" Navigation="org.eclipse.mylyn.core.model.edges.containment" OriginId="org.eclipse.mylyn.core.model.interest.propagation" StartDate="2012-12-12 11:57:18.961 ICT" StructureHandle="=MyBang/assets" StructureKind="java" NumEvents="8" CreationCount="1143"/><InteractionEvent Delta="null" EndDate="2012-12-12 11:16:35.978 ICT" Interest="2.0" Kind="selection" Navigation="null" OriginId="org.eclipse.ui.navigator.ProjectExplorer" StartDate="2012-12-12 11:16:35.917 ICT" StructureHandle="=MyBang" StructureKind="java" NumEvents="2" CreationCount="1"/><InteractionEvent Delta="null" EndDate="2012-12-17 12:17:35.902 ICT" Interest="1930.0" Kind="propagation" Navigation="org.eclipse.mylyn.core.model.edges.containment" OriginId="org.eclipse.mylyn.core.model.interest.propagation" StartDate="2012-12-12 11:11:48.470 ICT" StructureHandle="=MyBang" StructureKind="resource" NumEvents="1931" CreationCount="1"/><InteractionEvent Delta="null" EndDate="2012-12-12 11:14:15.12 ICT" Interest="3.0" Kind="selection" Navigation="null" OriginId="org.eclipse.ui.navigator.ProjectExplorer" StartDate="2012-12-12 11:12:09.183 ICT" StructureHandle="=MyBang/src&amp;lt;com.vominhtan1988.mybang.model.character" StructureKind="java" NumEvents="3" CreationCount="1"/><InteractionEvent Delta="null" EndDate="2012-12-12 12:18:32.503 ICT" Interest="22.412" Kind="propagation" Navigation="org.eclipse.mylyn.core.model.edges.containment" OriginId="org.eclipse.mylyn.core.model.interest.propagation" StartDate="2012-12-12 11:11:48.471 ICT" StructureHandle="=MyBang/src&amp;lt;com.vominhtan1988.mybang.model.character" StructureKind="java" NumEvents="12" CreationCount="1"/><InteractionEvent Delta="null" EndDate="2012-12-12 12:19:51.56 ICT" Interest="5.1" Kind="propagation" Navigation="org.eclipse.mylyn.core.model.edges.containment" OriginId="org.eclipse.mylyn.core.model.interest.propagation" StartDate="2012-12-12 12:19:09.846 ICT" StructureHandle="=MyBang/src&amp;lt;com.vominhtan1988.mybang.model.cards{Bang.java[Bang" StructureKind="java" NumEvents="6" CreationCount="1459"/><InteractionEvent Delta="null" EndDate="2012-12-12 13:22:39.620 ICT" Interest="26.724" Kind="propagation" Navigation="org.eclipse.mylyn.core.model.edges.containment" OriginId="org.eclipse.mylyn.core.model.interest.propagation" StartDate="2012-12-12 11:32:23.808 ICT" StructureHandle="=MyBang/src&amp;lt;com.vominhtan1988.mybang.model.cards" StructureKind="java" NumEvents="18" CreationCount="509"/><InteractionEvent Delta="null" EndDate="2012-12-12 12:08:26.153 ICT" Interest="1.0" Kind="selection" Navigation="null" OriginId="org.eclipse.jdt.ui.CompilationUnitEditor" StartDate="2012-12-12 12:08:26.153 ICT" StructureHandle="=MyBang/src&amp;lt;com.vominhtan1988.mybang.model{Player.java[Player^location" StructureKind="java"/><InteractionEvent Delta="null" EndDate="2012-12-12 11:29:09.643 ICT" Interest="8.0" Kind="selection" Navigation="null" OriginId="org.eclipse.jdt.ui.CompilationUnitEditor" StartDate="2012-12-12 11:20:33.865 ICT" StructureHandle="=MyBang/src&amp;lt;com.vominhtan1988.mybang.model{GameInstance.java[GameInstance~nextTurn" StructureKind="java" NumEvents="8" CreationCount="250"/><InteractionEvent Delta="null" EndDate="2012-12-12 11:29:13.900 ICT" Interest="138.0" Kind="edit" Navigation="null" OriginId="org.eclipse.jdt.ui.CompilationUnitEditor" StartDate="2012-12-12 11:20:34.403 ICT" StructureHandle="=MyBang/src&amp;lt;com.vominhtan1988.mybang.model{GameInstance.java[GameInstance~nextTurn" StructureKind="java" NumEvents="138" CreationCount="250"/><InteractionEvent Delta="null" EndDate="2012-12-12 12:13:08.650 ICT" Interest="9.0" Kind="propagation" Navigation="null" OriginId="org.eclipse.ui.navigator.ProjectExplorer" StartDate="2012-12-12 11:29:27.489 ICT" StructureHandle="/MyBang/src/com/vominhtan1988/mybang/model/RolesFactory.java" StructureKind="resource" NumEvents="9" CreationCount="463"/><InteractionEvent Delta="null" EndDate="2012-12-12 12:13:08.650 ICT" Interest="6.977001" Kind="manipulation" Navigation="null" OriginId="org.eclipse.mylyn.core.model.interest.decay.correction" StartDate="2012-12-12 11:57:04.608 ICT" StructureHandle="/MyBang/src/com/vominhtan1988/mybang/model/RolesFactory.java" StructureKind="resource" NumEvents="3" CreationCount="463"/><InteractionEvent Delta="null" EndDate="2012-12-17 12:17:35.902 ICT" Interest="1932.0" Kind="propagation" Navigation="null" OriginId="org.eclipse.jdt.ui.CompilationUnitEditor" StartDate="2012-12-12 11:11:48.470 ICT" StructureHandle="/MyBang/src" StructureKind="resource" NumEvents="1932" CreationCount="1"/><InteractionEvent Delta="null" EndDate="2012-12-12 13:23:02.463 ICT" Interest="2.0" Kind="selection" Navigation="null" OriginId="org.eclipse.jdt.ui.CompilationUnitEditor" StartDate="2012-12-12 11:34:43.835 ICT" StructureHandle="=MyBang/src&amp;lt;com.vominhtan1988.mybang.model{CharacterFactory.java[CharacterFactory~getCharacters" StructureKind="java" NumEvents="2" CreationCount="598"/><InteractionEvent Delta="null" EndDate="2012-12-12 13:23:02.467 ICT" Interest="42.0" Kind="edit" Navigation="null" OriginId="org.eclipse.jdt.ui.CompilationUnitEditor" StartDate="2012-12-12 11:34:43.842 ICT" StructureHandle="=MyBang/src&amp;lt;com.vominhtan1988.mybang.model{CharacterFactory.java[CharacterFactory~getCharacters" StructureKind="java" NumEvents="42" CreationCount="598"/><InteractionEvent Delta="null" EndDate="2012-12-12 13:22:39.61 ICT" Interest="2.0" Kind="selection" Navigation="null" OriginId="org.eclipse.jdt.ui.CompilationUnitEditor" StartDate="2012-12-12 13:22:39.60 ICT" StructureHandle="=MyBang/src&amp;lt;com.vominhtan1988.mybang.model.cards{CardPhysics.java[CardPhysics~setTargetPosition~QVector2;~F" StructureKind="java" NumEvents="2" CreationCount="1881"/><InteractionEvent Delta="null" EndDate="2012-12-12 13:22:39.619 ICT" Interest="2.0" Kind="edit" Navigation="null" OriginId="org.eclipse.jdt.ui.CompilationUnitEditor" StartDate="2012-12-12 13:22:39.109 ICT" StructureHandle="=MyBang/src&amp;lt;com.vominhtan1988.mybang.model.cards{CardPhysics.java[CardPhysics~setTargetPosition~QVector2;~F" StructureKind="java" NumEvents="2" CreationCount="1881"/><InteractionEvent Delta="null" EndDate="2012-12-12 11:15:14.546 ICT" Interest="1.0" Kind="selection" Navigation="null" OriginId="org.eclipse.jdt.ui.CompilationUnitEditor" StartDate="2012-12-12 11:15:14.546 ICT" StructureHandle="=MyBang/src&amp;lt;com.vominhtan1988.mybang.model{GameInstance.java[GameInstance~startGame" StructureKind="java"/><InteractionEvent Delta="null" EndDate="2012-12-12 11:15:15.806 ICT" Interest="1.0" Kind="edit" Navigation="null" OriginId="org.eclipse.jdt.ui.CompilationUnitEditor" StartDate="2012-12-12 11:15:15.806 ICT" StructureHandle="=MyBang/src&amp;lt;com.vominhtan1988.mybang.model{GameInstance.java[GameInstance~startGame" StructureKind="java"/><InteractionEvent Delta="null" EndDate="2012-12-12 13:22:39.620 ICT" Interest="5.0" Kind="propagation" Navigation="null" OriginId="org.eclipse.jdt.ui.CompilationUnitEditor" StartDate="2012-12-12 13:22:38.928 ICT" StructureHandle="/MyBang/src/com/vominhtan1988/mybang/model/cards/CardPhysics.java" StructureKind="resource" NumEvents="5" CreationCount="1880"/><InteractionEvent Delta="null" EndDate="2012-12-12 11:30:55.275 ICT" Interest="4.0" Kind="selection" Navigation="null" OriginId="org.eclipse.jdt.ui.CompilationUnitEditor" StartDate="2012-12-12 11:11:48.433 ICT" StructureHandle="=MyBang/src&amp;lt;com.vominhtan1988.mybang.model.character{BartCassidy.java" StructureKind="java" NumEvents="4" CreationCount="1"/><InteractionEvent Delta="null" EndDate="2012-12-12 11:11:49.474 ICT" Interest="2.1169999" Kind="propagation" Navigation="org.eclipse.mylyn.core.model.edges.containment" OriginId="org.eclipse.mylyn.core.model.interest.propagation" StartDate="2012-12-12 11:11:48.806 ICT" StructureHandle="=MyBang/src&amp;lt;com.vominhtan1988.mybang.model.character{BartCassidy.java" StructureKind="java" NumEvents="4" CreationCount="1"/><InteractionEvent Delta="null" EndDate="2012-12-12 11:30:55.65 ICT" Interest="4.111001" Kind="manipulation" Navigation="null" OriginId="org.eclipse.mylyn.core.model.interest.decay.correction" StartDate="2012-12-12 11:30:55.65 ICT" StructureHandle="=MyBang/src&amp;lt;com.vominhtan1988.mybang.model.character{BartCassidy.java" StructureKind="java"/><InteractionEvent Delta="null" EndDate="2012-12-12 12:14:37.485 ICT" Interest="1.0" Kind="selection" Navigation="null" OriginId="org.eclipse.jdt.ui.CompilationUnitEditor" StartDate="2012-12-12 12:14:37.485 ICT" StructureHandle="=MyBang/src&amp;lt;com.vominhtan1988.mybang.model{Deck.java[Deck" StructureKind="java"/><InteractionEvent Delta="null" EndDate="2012-12-12 12:18:28.798 ICT" Interest="108.217" Kind="propagation" Navigation="org.eclipse.mylyn.core.model.edges.containment" OriginId="org.eclipse.mylyn.core.model.interest.propagation" StartDate="2012-12-12 11:19:19.551 ICT" StructureHandle="=MyBang/src&amp;lt;com.vominhtan1988.mybang.model{Deck.java[Deck" StructureKind="java" NumEvents="154" CreationCount="189"/><InteractionEvent Delta="null" EndDate="2012-12-17 12:17:35.902 ICT" Interest="1751.0" Kind="propagation" Navigation="org.eclipse.mylyn.core.model.edges.containment" OriginId="org.eclipse.mylyn.core.model.interest.propagation" StartDate="2012-12-12 11:11:48.470 ICT" StructureHandle="/MyBang/src/com/vominhtan1988" StructureKind="resource" NumEvents="1751" CreationCount="1"/><InteractionEvent Delta="null" EndDate="2012-12-12 12:08:59.24 ICT" Interest="7.0" Kind="selection" Navigation="null" OriginId="org.eclipse.jdt.ui.CompilationUnitEditor" StartDate="2012-12-12 12:08:24.490 ICT" StructureHandle="=MyBang/src&amp;lt;com.vominhtan1988.mybang.model{Player.java[Player" StructureKind="java" NumEvents="7" CreationCount="32"/><InteractionEvent Delta="null" EndDate="2012-12-12 12:08:35.585 ICT" Interest="4.0" Kind="edit" Navigation="null" OriginId="org.eclipse.jdt.ui.CompilationUnitEditor" StartDate="2012-12-12 12:08:26.29 ICT" StructureHandle="=MyBang/src&amp;lt;com.vominhtan1988.mybang.model{Player.java[Player" StructureKind="java" NumEvents="4" CreationCount="32"/><InteractionEvent Delta="null" EndDate="2012-12-12 13:27:35.104 ICT" Interest="380.985" Kind="propagation" Navigation="org.eclipse.mylyn.core.model.edges.containment" OriginId="org.eclipse.mylyn.core.model.interest.propagation" StartDate="2012-12-12 11:13:46.604 ICT" StructureHandle="=MyBang/src&amp;lt;com.vominhtan1988.mybang.model{Player.java[Player" StructureKind="java" NumEvents="516" CreationCount="32"/><InteractionEvent Delta="null" EndDate="2012-12-12 13:23:04.345 ICT" Interest="7.0" Kind="selection" Navigation="null" OriginId="org.eclipse.jdt.ui.CompilationUnitEditor" StartDate="2012-12-12 12:09:29.10 ICT" StructureHandle="=MyBang/src&amp;lt;com.vominhtan1988.mybang.model{Player.java[Player~updateHandCardsPosition" StructureKind="java" NumEvents="7" CreationCount="1237"/><InteractionEvent Delta="null" EndDate="2012-12-12 13:27:35.104 ICT" Interest="519.0" Kind="edit" Navigation="null" OriginId="org.eclipse.jdt.ui.CompilationUnitEditor" StartDate="2012-12-12 12:09:29.612 ICT" StructureHandle="=MyBang/src&amp;lt;com.vominhtan1988.mybang.model{Player.java[Player~updateHandCardsPosition" StructureKind="java" NumEvents="519" CreationCount="1237"/><InteractionEvent Delta="null" EndDate="2012-12-12 11:58:06.430 ICT" Interest="10.0" Kind="propagation" Navigation="org.eclipse.mylyn.core.model.edges.containment" OriginId="org.eclipse.mylyn.core.model.interest.propagation" StartDate="2012-12-12 11:57:18.961 ICT" StructureHandle="/MyBang/assets/data" StructureKind="resource" NumEvents="10" CreationCount="1143"/><InteractionEvent Delta="null" EndDate="2012-12-12 12:13:08.650 ICT" Interest="9.0" Kind="selection" Navigation="null" OriginId="org.eclipse.ui.navigator.ProjectExplorer" StartDate="2012-12-12 11:29:27.489 ICT" StructureHandle="=MyBang/src&amp;lt;com.vominhtan1988.mybang.model{RolesFactory.java" StructureKind="java" NumEvents="9" CreationCount="463"/><InteractionEvent Delta="null" EndDate="2012-12-12 12:13:08.650 ICT" Interest="6.960001" Kind="manipulation" Navigation="null" OriginId="org.eclipse.mylyn.core.model.interest.decay.correction" StartDate="2012-12-12 11:57:04.608 ICT" StructureHandle="=MyBang/src&amp;lt;com.vominhtan1988.mybang.model{RolesFactory.java" StructureKind="java" NumEvents="3" CreationCount="463"/><InteractionEvent Delta="null" EndDate="2012-12-17 12:17:35.903 ICT" Interest="2.0" Kind="propagation" Navigation="null" OriginId="org.eclipse.jdt.ui.CompilationUnitEditor" StartDate="2012-12-16 19:44:26.718 ICT" StructureHandle="/MyBang" StructureKind="resource" NumEvents="2" CreationCount="1010"/><InteractionEvent Delta="null" EndDate="2012-12-17 12:17:35.903 ICT" Interest="14.963001" Kind="manipulation" Navigation="null" OriginId="org.eclipse.mylyn.core.model.interest.decay.correction" StartDate="2012-12-17 12:17:35.903 ICT" StructureHandle="/MyBang" StructureKind="resource"/><InteractionEvent Delta="null" EndDate="2012-12-12 12:02:29.785 ICT" Interest="5.0" Kind="selection" Navigation="null" OriginId="org.eclipse.jdt.ui.CompilationUnitEditor" StartDate="2012-12-12 11:16:48.833 ICT" StructureHandle="=MyBang/src&amp;lt;com.vominhtan1988.mybang{GameScreen.java[GameScreen~render~F" StructureKind="java" NumEvents="5" CreationCount="95"/><InteractionEvent Delta="null" EndDate="2012-12-12 12:02:32.584 ICT" Interest="66.0" Kind="edit" Navigation="null" OriginId="org.eclipse.jdt.ui.CompilationUnitEditor" StartDate="2012-12-12 11:16:49.402 ICT" StructureHandle="=MyBang/src&amp;lt;com.vominhtan1988.mybang{GameScreen.java[GameScreen~render~F" StructureKind="java" NumEvents="66" CreationCount="95"/><InteractionEvent Delta="null" EndDate="2012-12-12 11:13:31.642 ICT" Interest="1.0" Kind="propagation" Navigation="null" OriginId="org.eclipse.ui.navigator.ProjectExplorer" StartDate="2012-12-12 11:13:31.642 ICT" StructureHandle="/MyBang/src/com/vominhtan1988/mybang/model/PointCard.java" StructureKind="resource"/><InteractionEvent Delta="null" EndDate="2012-12-12 12:18:32.503 ICT" Interest="25.429" Kind="propagation" Navigation="org.eclipse.mylyn.core.model.edges.containment" OriginId="org.eclipse.mylyn.core.model.interest.propagation" StartDate="2012-12-12 11:11:48.470 ICT" StructureHandle="/MyBang/src/com/vominhtan1988/mybang/model/character" StructureKind="resource" NumEvents="19" CreationCount="1"/><InteractionEvent Delta="null" EndDate="2012-12-12 12:07:30.996 ICT" Interest="4.0" Kind="selection" Navigation="null" OriginId="org.eclipse.jdt.ui.CompilationUnitEditor" StartDate="2012-12-12 11:16:44.348 ICT" StructureHandle="=MyBang/src&amp;lt;com.vominhtan1988.mybang{GameScreen.java[GameScreen~GameScreen~QGame;" StructureKind="java" NumEvents="4" CreationCount="94"/><InteractionEvent Delta="null" EndDate="2012-12-12 11:39:05.955 ICT" Interest="6.0" Kind="edit" Navigation="null" OriginId="org.eclipse.jdt.ui.CompilationUnitEditor" StartDate="2012-12-12 11:39:03.140 ICT" StructureHandle="=MyBang/src&amp;lt;com.vominhtan1988.mybang{GameScreen.java[GameScreen~GameScreen~QGame;" StructureKind="java" NumEvents="6" CreationCount="94"/><InteractionEvent Delta="null" EndDate="2012-12-12 12:02:26.986 ICT" Interest="12.4660015" Kind="manipulation" Navigation="null" OriginId="org.eclipse.mylyn.core.model.interest.decay.correction" StartDate="2012-12-12 11:39:03.129 ICT" StructureHandle="=MyBang/src&amp;lt;com.vominhtan1988.mybang{GameScreen.java[GameScreen~GameScreen~QGame;" StructureKind="java" NumEvents="2" CreationCount="94"/><InteractionEvent Delta="null" EndDate="2012-12-12 12:20:09.938 ICT" Interest="6.0" Kind="selection" Navigation="null" OriginId="org.eclipse.jdt.ui.CompilationUnitEditor" StartDate="2012-12-12 11:19:19.551 ICT" StructureHandle="=MyBang/src&amp;lt;com.vominhtan1988.mybang.model{Deck.java[Deck~init" StructureKind="java" NumEvents="6" CreationCount="189"/><InteractionEvent Delta="null" EndDate="2012-12-12 12:20:15.107 ICT" Interest="47.0" Kind="edit" Navigation="null" OriginId="org.eclipse.jdt.ui.CompilationUnitEditor" StartDate="2012-12-12 12:13:27.665 ICT" StructureHandle="=MyBang/src&amp;lt;com.vominhtan1988.mybang.model{Deck.java[Deck~init" StructureKind="java" NumEvents="47" CreationCount="189"/><InteractionEvent Delta="null" EndDate="2012-12-12 12:13:27.663 ICT" Interest="17.669" Kind="manipulation" Navigation="null" OriginId="org.eclipse.mylyn.core.model.interest.decay.correction" StartDate="2012-12-12 11:42:39.421 ICT" StructureHandle="=MyBang/src&amp;lt;com.vominhtan1988.mybang.model{Deck.java[Deck~init" StructureKind="java" NumEvents="2" CreationCount="189"/><InteractionEvent Delta="null" EndDate="2012-12-12 11:12:41.189 ICT" Interest="3.0" Kind="selection" Navigation="null" OriginId="org.eclipse.jdt.ui.ClassFileEditor" StartDate="2012-12-12 11:11:55.0 ICT" StructureHandle="=MyBang/libs\/gdx.jar&amp;lt;com.badlogic.gdx.graphics.g2d(Sprite.class[Sprite~set~Lcom.badlogic.gdx.graphics.g2d.Sprite;" StructureKind="java" NumEvents="3" CreationCount="6"/><InteractionEvent Delta="null" EndDate="2012-12-12 11:12:41.192 ICT" Interest="7.0" Kind="edit" Navigation="null" OriginId="org.eclipse.jdt.ui.ClassFileEditor" StartDate="2012-12-12 11:11:55.4 ICT" StructureHandle="=MyBang/libs\/gdx.jar&amp;lt;com.badlogic.gdx.graphics.g2d(Sprite.class[Sprite~set~Lcom.badlogic.gdx.graphics.g2d.Sprite;" StructureKind="java" NumEvents="7" CreationCount="6"/><InteractionEvent Delta="null" EndDate="2012-12-12 12:18:32.503 ICT" Interest="7.0" Kind="selection" Navigation="null" OriginId="org.eclipse.jdt.ui.CompilationUnitEditor" StartDate="2012-12-12 11:13:04.76 ICT" StructureHandle="=MyBang/src&amp;lt;com.vominhtan1988.mybang.model.character{WillyTheKid.java" StructureKind="java" NumEvents="7" CreationCount="21"/><InteractionEvent Delta="null" EndDate="2012-12-12 12:18:32.503 ICT" Interest="18.072" Kind="manipulation" Navigation="null" OriginId="org.eclipse.mylyn.core.model.interest.decay.correction" StartDate="2012-12-12 11:29:38.78 ICT" StructureHandle="=MyBang/src&amp;lt;com.vominhtan1988.mybang.model.character{WillyTheKid.java" StructureKind="java" NumEvents="3" CreationCount="21"/><InteractionEvent Delta="null" EndDate="2012-12-12 11:33:32.995 ICT" Interest="6.0" Kind="propagation" Navigation="null" OriginId="org.eclipse.jdt.ui.CompilationUnitEditor" StartDate="2012-12-12 11:32:50.519 ICT" StructureHandle="/MyBang/src/com/vominhtan1988/mybang/Resources.java" StructureKind="resource" NumEvents="6" CreationCount="524"/><InteractionEvent Delta="null" EndDate="2012-12-12 11:40:17.937 ICT" Interest="5.0" Kind="selection" Navigation="null" OriginId="org.eclipse.jdt.ui.CompilationUnitEditor" StartDate="2012-12-12 11:38:41.573 ICT" StructureHandle="=MyBang/src&amp;lt;com.vominhtan1988.mybang{MyCamera.java" StructureKind="java" NumEvents="5" CreationCount="758"/><InteractionEvent Delta="null" EndDate="2012-12-12 11:39:01.420 ICT" Interest="4.934" Kind="propagation" Navigation="org.eclipse.mylyn.core.model.edges.containment" OriginId="org.eclipse.mylyn.core.model.interest.propagation" StartDate="2012-12-12 11:38:53.273 ICT" StructureHandle="=MyBang/src&amp;lt;com.vominhtan1988.mybang{MyCamera.java" StructureKind="java" NumEvents="7" CreationCount="758"/><InteractionEvent Delta="null" EndDate="2012-12-12 11:24:27.837 ICT" Interest="1.0" Kind="selection" Navigation="null" OriginId="org.eclipse.jdt.ui.CompilationUnitEditor" StartDate="2012-12-12 11:24:27.837 ICT" StructureHandle="=MyBang/src&amp;lt;com.vominhtan1988.mybang.model{GameInstance.java[GameInstance^players" StructureKind="java"/><InteractionEvent Delta="null" EndDate="2012-12-12 11:24:34.831 ICT" Interest="13.0" Kind="edit" Navigation="null" OriginId="org.eclipse.jdt.ui.CompilationUnitEditor" StartDate="2012-12-12 11:24:28.364 ICT" StructureHandle="=MyBang/src&amp;lt;com.vominhtan1988.mybang.model{GameInstance.java[GameInstance^players" StructureKind="java" NumEvents="13" CreationCount="313"/><InteractionEvent Delta="null" EndDate="2012-12-12 11:13:04.438 ICT" Interest="1.0" Kind="selection" Navigation="null" OriginId="org.eclipse.ui.navigator.ProjectExplorer" StartDate="2012-12-12 11:13:04.438 ICT" StructureHandle="=MyBang/src&amp;lt;com.vominhtan1988.mybang.model.character{BlackJack.java" StructureKind="java"/><InteractionEvent Delta="null" EndDate="2012-12-12 11:12:41.193 ICT" Interest="7.9" Kind="propagation" Navigation="org.eclipse.mylyn.core.model.edges.containment" OriginId="org.eclipse.mylyn.core.model.interest.propagation" StartDate="2012-12-12 11:11:55.1 ICT" StructureHandle="=MyBang/libs\/gdx.jar&amp;lt;com.badlogic.gdx.graphics.g2d" StructureKind="java" NumEvents="11" CreationCount="6"/><InteractionEvent Delta="null" EndDate="2012-12-12 11:33:32.385 ICT" Interest="1.0" Kind="selection" Navigation="null" OriginId="org.eclipse.jdt.ui.CompilationUnitEditor" StartDate="2012-12-12 11:33:32.385 ICT" StructureHandle="=MyBang/src&amp;lt;com.vominhtan1988.mybang{Resources.java[Resources~reInit" StructureKind="java"/><InteractionEvent Delta="null" EndDate="2012-12-12 11:33:32.995 ICT" Interest="1.0" Kind="edit" Navigation="null" OriginId="org.eclipse.jdt.ui.CompilationUnitEditor" StartDate="2012-12-12 11:33:32.995 ICT" StructureHandle="=MyBang/src&amp;lt;com.vominhtan1988.mybang{Resources.java[Resources~reInit" StructureKind="java"/><InteractionEvent Delta="null" EndDate="2012-12-12 12:19:51.53 ICT" Interest="3.0" Kind="selection" Navigation="null" OriginId="org.eclipse.jdt.ui.CompilationUnitEditor" StartDate="2012-12-12 12:19:09.846 ICT" StructureHandle="=MyBang/src&amp;lt;com.vominhtan1988.mybang.model.cards{Bang.java[Bang~Bang~QVector2;" StructureKind="java" NumEvents="3" CreationCount="1459"/><InteractionEvent Delta="null" EndDate="2012-12-12 12:19:51.56 ICT" Interest="3.0" Kind="edit" Navigation="null" OriginId="org.eclipse.jdt.ui.CompilationUnitEditor" StartDate="2012-12-12 12:19:09.889 ICT" StructureHandle="=MyBang/src&amp;lt;com.vominhtan1988.mybang.model.cards{Bang.java[Bang~Bang~QVector2;" StructureKind="java" NumEvents="3" CreationCount="1459"/><InteractionEvent Delta="null" EndDate="2012-12-12 12:07:11.340 ICT" Interest="1.0" Kind="selection" Navigation="null" OriginId="org.eclipse.jdt.ui.CompilationUnitEditor" StartDate="2012-12-12 12:07:11.340 ICT" StructureHandle="=MyBang/src&amp;lt;com.vominhtan1988.mybang{GameScreen.java[GameScreen~keyUp~I" StructureKind="java"/><InteractionEvent Delta="null" EndDate="2012-12-12 13:23:02.422 ICT" Interest="5.0" Kind="selection" Navigation="null" OriginId="org.eclipse.jdt.ui.CompilationUnitEditor" StartDate="2012-12-12 11:32:14.695 ICT" StructureHandle="=MyBang/src&amp;lt;com.vominhtan1988.mybang.model{CharacterFactory.java" StructureKind="java" NumEvents="5" CreationCount="505"/><InteractionEvent Delta="null" EndDate="2012-12-12 13:23:02.467 ICT" Interest="27.981" Kind="propagation" Navigation="org.eclipse.mylyn.core.model.edges.containment" OriginId="org.eclipse.mylyn.core.model.interest.propagation" StartDate="2012-12-12 11:34:43.856 ICT" StructureHandle="=MyBang/src&amp;lt;com.vominhtan1988.mybang.model{CharacterFactory.java" StructureKind="java" NumEvents="41" CreationCount="505"/><InteractionEvent Delta="null" EndDate="2012-12-12 11:14:02.91 ICT" Interest="1.0" Kind="selection" Navigation="null" OriginId="org.eclipse.jdt.ui.CompilationUnitEditor" StartDate="2012-12-12 11:14:02.91 ICT" StructureHandle="=MyBang/src&amp;lt;com.vominhtan1988.mybang.model{Player.java[Player^leftPlayer" StructureKind="java"/><InteractionEvent Delta="null" EndDate="2012-12-12 11:32:44.363 ICT" Interest="1.0" Kind="selection" Navigation="null" OriginId="org.eclipse.ui.navigator.ProjectExplorer" StartDate="2012-12-12 11:32:44.363 ICT" StructureHandle="=MyBang/src&amp;lt;com.vominhtan1988.mybang.model.cards{Schofield.java" StructureKind="java"/><InteractionEvent Delta="null" EndDate="2012-12-12 13:23:04.288 ICT" Interest="17.0" Kind="selection" Navigation="null" OriginId="org.eclipse.jdt.ui.CompilationUnitEditor" StartDate="2012-12-12 11:13:09.333 ICT" StructureHandle="=MyBang/src&amp;lt;com.vominhtan1988.mybang.model{Player.java" StructureKind="java" NumEvents="17" CreationCount="23"/><InteractionEvent Delta="null" EndDate="2012-12-12 13:27:35.105 ICT" Interest="362.79297" Kind="propagation" Navigation="org.eclipse.mylyn.core.model.edges.containment" OriginId="org.eclipse.mylyn.core.model.interest.propagation" StartDate="2012-12-12 12:08:24.490 ICT" StructureHandle="=MyBang/src&amp;lt;com.vominhtan1988.mybang.model{Player.java" StructureKind="java" NumEvents="518" CreationCount="23"/><InteractionEvent Delta="null" EndDate="2012-12-12 12:08:10.114 ICT" Interest="11.145" Kind="manipulation" Navigation="null" OriginId="org.eclipse.mylyn.core.model.interest.decay.correction" StartDate="2012-12-12 12:08:10.114 ICT" StructureHandle="=MyBang/src&amp;lt;com.vominhtan1988.mybang.model{Player.java" StructureKind="java"/><InteractionEvent Delta="null" EndDate="2012-12-12 11:32:38.518 ICT" Interest="2.0" Kind="selection" Navigation="null" OriginId="org.eclipse.jdt.ui.CompilationUnitEditor" StartDate="2012-12-12 11:32:38.309 ICT" StructureHandle="=MyBang/src&amp;lt;com.vominhtan1988.mybang.model.role{OutLaw.java" StructureKind="java" NumEvents="2" CreationCount="515"/><InteractionEvent Delta="null" EndDate="2012-12-12 12:08:13.626 ICT" Interest="2.0" Kind="selection" Navigation="null" OriginId="org.eclipse.jdt.ui.CompilationUnitEditor" StartDate="2012-12-12 11:13:59.252 ICT" StructureHandle="=MyBang/src&amp;lt;com.vominhtan1988.mybang.model{Player.java[Player^playerLocation" StructureKind="java" NumEvents="2" CreationCount="33"/><InteractionEvent Delta="null" EndDate="2012-12-12 12:08:13.626 ICT" Interest="19.026001" Kind="manipulation" Navigation="null" OriginId="org.eclipse.mylyn.core.model.interest.decay.correction" StartDate="2012-12-12 12:08:13.626 ICT" StructureHandle="=MyBang/src&amp;lt;com.vominhtan1988.mybang.model{Player.java[Player^playerLocation" StructureKind="java"/><InteractionEvent Delta="null" EndDate="2012-12-12 12:20:15.107 ICT" Interest="339.0" Kind="propagation" Navigation="null" OriginId="org.eclipse.jdt.ui.CompilationUnitEditor" StartDate="2012-12-12 11:19:17.939 ICT" StructureHandle="/MyBang/src/com/vominhtan1988/mybang/model/Deck.java" StructureKind="resource" NumEvents="339" CreationCount="187"/><InteractionEvent Delta="null" EndDate="2012-12-12 11:58:06.429 ICT" Interest="2.0" Kind="selection" Navigation="null" OriginId="org.eclipse.ui.navigator.ProjectExplorer" StartDate="2012-12-12 11:58:06.405 ICT" StructureHandle="/MyBang/assets/data/spritepack/logo.png" StructureKind="resource" NumEvents="2" CreationCount="1151"/><InteractionEvent Delta="null" EndDate="2012-12-12 12:19:51.13 ICT" Interest="4.0" Kind="selection" Navigation="null" OriginId="org.eclipse.jdt.ui.CompilationUnitEditor" StartDate="2012-12-12 12:08:07.13 ICT" StructureHandle="=MyBang/src&amp;lt;com.vominhtan1988.mybang.model.cards{Bang.java" StructureKind="java" NumEvents="4" CreationCount="1208"/><InteractionEvent Delta="null" EndDate="2012-12-12 12:19:10.385 ICT" Interest="2.434" Kind="propagation" Navigation="org.eclipse.mylyn.core.model.edges.containment" OriginId="org.eclipse.mylyn.core.model.interest.propagation" StartDate="2012-12-12 12:19:09.847 ICT" StructureHandle="=MyBang/src&amp;lt;com.vominhtan1988.mybang.model.cards{Bang.java" StructureKind="java" NumEvents="4" CreationCount="1208"/><InteractionEvent Delta="null" EndDate="2012-12-12 12:19:09.671 ICT" Interest="3.2330003" Kind="manipulation" Navigation="null" OriginId="org.eclipse.mylyn.core.model.interest.decay.correction" StartDate="2012-12-12 12:19:09.671 ICT" StructureHandle="=MyBang/src&amp;lt;com.vominhtan1988.mybang.model.cards{Bang.java" StructureKind="java"/><InteractionEvent Delta="null" EndDate="2012-12-17 12:17:35.902 ICT" Interest="1751.0" Kind="propagation" Navigation="org.eclipse.mylyn.core.model.edges.containment" OriginId="org.eclipse.mylyn.core.model.interest.propagation" StartDate="2012-12-12 11:11:48.470 ICT" StructureHandle="/MyBang/src/com" StructureKind="resource" NumEvents="1751" CreationCount="1"/><InteractionEvent Delta="null" EndDate="2012-12-12 11:32:49.20 ICT" Interest="1.7" Kind="propagation" Navigation="org.eclipse.mylyn.core.model.edges.containment" OriginId="org.eclipse.mylyn.core.model.interest.propagation" StartDate="2012-12-12 11:32:48.515 ICT" StructureHandle="=MyBang/src&amp;lt;com.vominhtan1988.mybang.model{Role.java[Role" StructureKind="java" NumEvents="2" CreationCount="522"/><InteractionEvent Delta="null" EndDate="2012-12-12 12:09:14.975 ICT" Interest="3.0" Kind="edit" Navigation="null" OriginId="org.eclipse.jdt.ui.CompilationUnitEditor" StartDate="2012-12-12 12:09:12.714 ICT" StructureHandle="=MyBang/src&amp;lt;com.vominhtan1988.mybang.model{Player.java[Player^isZipHandCard" StructureKind="java" NumEvents="3" CreationCount="1231"/><InteractionEvent Delta="null" EndDate="2012-12-12 12:15:26.352 ICT" Interest="7.0" Kind="selection" Navigation="null" OriginId="org.eclipse.jdt.ui.CompilationUnitEditor" StartDate="2012-12-12 11:19:31.293 ICT" StructureHandle="=MyBang/src&amp;lt;com.vominhtan1988.mybang.model{Deck.java[Deck~touchDown~I~I~I~I" StructureKind="java" NumEvents="7" CreationCount="190"/><InteractionEvent Delta="null" EndDate="2012-12-12 12:18:28.798 ICT" Interest="146.0" Kind="edit" Navigation="null" OriginId="org.eclipse.jdt.ui.CompilationUnitEditor" StartDate="2012-12-12 11:19:33.517 ICT" StructureHandle="=MyBang/src&amp;lt;com.vominhtan1988.mybang.model{Deck.java[Deck~touchDown~I~I~I~I" StructureKind="java" NumEvents="146" CreationCount="190"/><InteractionEvent Delta="null" EndDate="2012-12-12 11:32:50.519 ICT" Interest="1.0" Kind="selection" Navigation="null" OriginId="org.eclipse.jdt.ui.CompilationUnitEditor" StartDate="2012-12-12 11:32:50.519 ICT" StructureHandle="=MyBang/src&amp;lt;com.vominhtan1988.mybang{Resources.java" StructureKind="java"/><InteractionEvent Delta="null" EndDate="2012-12-12 11:32:51.241 ICT" Interest="1.417" Kind="propagation" Navigation="org.eclipse.mylyn.core.model.edges.containment" OriginId="org.eclipse.mylyn.core.model.interest.propagation" StartDate="2012-12-12 11:32:50.672 ICT" StructureHandle="=MyBang/src&amp;lt;com.vominhtan1988.mybang{Resources.java" StructureKind="java" NumEvents="3" CreationCount="524"/><InteractionEvent Delta="null" EndDate="2012-12-12 11:57:18.961 ICT" Interest="1.0" Kind="selection" Navigation="null" OriginId="org.eclipse.ui.navigator.ProjectExplorer" StartDate="2012-12-12 11:57:18.961 ICT" StructureHandle="=MyBang/assets&amp;lt;data.spritepack" StructureKind="java"/><InteractionEvent Delta="null" EndDate="2012-12-12 11:58:06.298 ICT" Interest="5.417" Kind="propagation" Navigation="org.eclipse.mylyn.core.model.edges.containment" OriginId="org.eclipse.mylyn.core.model.interest.propagation" StartDate="2012-12-12 11:57:21.167 ICT" StructureHandle="=MyBang/assets&amp;lt;data.spritepack" StructureKind="java" NumEvents="7" CreationCount="1143"/><InteractionEvent Delta="null" EndDate="2012-12-12 11:34:41.44 ICT" Interest="2.0" Kind="propagation" Navigation="null" OriginId="org.eclipse.ui.navigator.ProjectExplorer" StartDate="2012-12-12 11:32:23.808 ICT" StructureHandle="/MyBang/src/com/vominhtan1988/mybang/model/cards/Birra.java" StructureKind="resource" NumEvents="2" CreationCount="509"/><InteractionEvent Delta="null" EndDate="2012-12-12 11:34:41.44 ICT" Interest="0.46200013" Kind="manipulation" Navigation="null" OriginId="org.eclipse.mylyn.core.model.interest.decay.correction" StartDate="2012-12-12 11:34:41.44 ICT" StructureHandle="/MyBang/src/com/vominhtan1988/mybang/model/cards/Birra.java" StructureKind="resource"/><InteractionEvent Delta="null" EndDate="2012-12-17 12:17:35.900 ICT" Interest="15.0" Kind="selection" Navigation="null" OriginId="org.eclipse.jdt.ui.CompilationUnitEditor" StartDate="2012-12-12 11:15:00.129 ICT" StructureHandle="=MyBang/src&amp;lt;com.vominhtan1988.mybang.model{GameInstance.java[GameInstance~GameInstance" StructureKind="java" NumEvents="15" CreationCount="40"/><InteractionEvent Delta="null" EndDate="2012-12-16 19:44:26.716 ICT" Interest="552.0" Kind="edit" Navigation="null" OriginId="org.eclipse.jdt.ui.CompilationUnitEditor" StartDate="2012-12-12 11:15:01.315 ICT" StructureHandle="=MyBang/src&amp;lt;com.vominhtan1988.mybang.model{GameInstance.java[GameInstance~GameInstance" StructureKind="java" NumEvents="552" CreationCount="40"/></InteractionHistory>